{
    "loss": 0.16512836007262063,
    "f1": 0.984010818002879,
    "accuracy": 0.9695312500000001
}