{
    "accuracy": 0.967178891184573,
    "loss": 0.17602998029046416,
    "f1": 0.9828576447098202
}